example_id,prediction,probability
0,0,0.0
1,0,0.02
2,0,0.04
3,0,0.4
4,0,0.0
5,0,0.08
6,1,0.64
7,0,0.04
8,1,0.74
9,0,0.02
10,0,0.4
11,0,0.02
12,0,0.01
13,0,0.0
14,0,0.01
15,0,0.01
16,0,0.21
17,0,0.0
18,0,0.01
19,0,0.02
20,0,0.01
21,0,0.05
22,0,0.09
23,0,0.02
24,0,0.0
25,0,0.0
26,0,0.03
27,0,0.01
28,0,0.0
29,0,0.0
30,0,0.36
31,0,0.39
32,0,0.12
33,0,0.01
34,0,0.0
35,1,0.93
36,0,0.05
37,0,0.13
38,0,0.49
39,0,0.0
40,0,0.03
41,0,0.01
42,0,0.05
43,0,0.03
44,0,0.01
45,0,0.24
46,0,0.15
47,0,0.04
48,0,0.37
49,0,0.1
50,0,0.0
51,0,0.0
52,0,0.03
53,0,0.06
54,0,0.07
55,1,0.69
56,0,0.01
57,0,0.13
58,0,0.3
59,0,0.0
60,0,0.19
61,0,0.0
62,1,0.72
63,0,0.02
64,0,0.06
65,1,0.6
66,0,0.0
67,1,0.63
68,0,0.01
69,0,0.02
70,0,0.0
71,1,0.85
72,0,0.04
73,1,0.72
74,0,0.02
75,0,0.16
76,0,0.02
77,0,0.01
78,0,0.04
79,1,0.57
80,0,0.04
81,0,0.01
82,0,0.2
83,1,0.88
84,0,0.01
85,0,0.0
86,1,0.79
87,0,0.03
88,0,0.01
89,0,0.01
90,0,0.0
91,0,0.03
92,0,0.38
93,0,0.0
94,0,0.0
95,0,0.01
96,0,0.01
97,0,0.0
98,0,0.12
99,0,0.02
100,0,0.01
101,0,0.24
102,0,0.27
103,0,0.04
104,0,0.43
105,0,0.08
106,1,0.81
107,0,0.05
108,1,0.77
109,0,0.04
110,0,0.0
111,0,0.01
112,1,0.63
113,1,0.98
114,0,0.25
115,0,0.0
116,0,0.01
117,1,0.74
118,0,0.01
119,0,0.29
120,1,0.85
121,0,0.02
122,1,0.75
123,0,0.0
124,0,0.05
125,0,0.07
126,1,0.84
127,1,0.79
128,0,0.01
129,0,0.01
130,1,0.74
131,0,0.02
132,0,0.03
133,0,0.03
134,0,0.09
135,1,0.55
136,0,0.05
137,1,0.68
138,0,0.0
139,1,0.68
140,0,0.31
141,1,0.74
142,0,0.07
143,0,0.0
144,0,0.03
145,0,0.0
146,0,0.26
147,0,0.01
148,0,0.31
149,0,0.03
150,0,0.0
151,0,0.08
152,0,0.0
153,0,0.22
154,0,0.1
155,0,0.01
156,0,0.38
157,0,0.03
158,0,0.0
159,0,0.01
160,0,0.33
161,0,0.08
162,0,0.48
163,0,0.06
164,0,0.03
165,0,0.0
166,0,0.18
167,1,0.75
168,0,0.0
169,0,0.34
170,0,0.0
171,0,0.04
172,1,0.7
173,0,0.06
174,0,0.0
175,0,0.0
176,0,0.08
177,0,0.01
178,0,0.0
179,0,0.0
180,0,0.39
181,0,0.17
182,0,0.28
183,0,0.14
184,1,0.81
185,0,0.13
186,0,0.18
187,0,0.0
188,0,0.02
189,0,0.0
190,0,0.03
191,0,0.4
192,0,0.03
193,0,0.06
194,1,0.79
195,0,0.0
196,0,0.01
197,0,0.01
198,0,0.02
199,0,0.05
200,1,0.51
201,0,0.0
202,0,0.17
203,0,0.0
204,0,0.0
205,1,0.71
206,0,0.05
207,0,0.0
208,0,0.38
209,0,0.0
210,0,0.02
211,0,0.02
212,0,0.14
213,0,0.03
214,0,0.26
215,0,0.01
216,0,0.02
217,1,0.65
218,0,0.01
219,0,0.0
220,0,0.03
221,0,0.05
222,0,0.0
223,0,0.04
224,0,0.0
225,0,0.18
226,0,0.01
227,0,0.0
228,0,0.35
229,0,0.24
230,0,0.0
231,0,0.31
232,1,0.54
233,0,0.09
234,0,0.36
235,0,0.26
236,0,0.01
237,1,0.8
238,0,0.05
239,0,0.03
240,0,0.07
241,1,0.68
242,0,0.33
243,1,0.54
244,0,0.0
245,0,0.02
246,0,0.01
247,1,0.7
248,1,0.81
249,0,0.01
250,0,0.26
251,1,0.61
252,0,0.01
253,0,0.02
254,0,0.01
255,0,0.01
256,0,0.02
257,0,0.05
258,0,0.09
259,0,0.02
260,0,0.0
261,0,0.11
262,0,0.32
263,0,0.02
264,0,0.04
265,0,0.25
266,0,0.49
267,0,0.28
268,1,0.67
269,0,0.05
270,0,0.15
271,1,0.69
272,0,0.01
273,0,0.01
274,0,0.0
275,0,0.13
276,1,0.61
277,0,0.04
278,0,0.03
279,0,0.0
280,0,0.04
281,1,0.5
282,0,0.01
283,0,0.0
284,1,0.86
285,1,0.64
286,0,0.03
287,0,0.01
288,0,0.01
289,0,0.05
290,0,0.06
291,0,0.03
292,0,0.03
293,1,0.89
294,0,0.01
295,0,0.04
296,0,0.02
297,1,0.81
298,1,0.73
299,0,0.05
300,1,0.56
301,0,0.15
302,0,0.3
303,0,0.0
304,0,0.06
305,0,0.01
306,0,0.0
307,0,0.25
308,0,0.1
309,0,0.01
310,1,0.65
311,0,0.05
312,0,0.01
313,0,0.46
314,0,0.03
315,0,0.2
316,0,0.02
317,1,0.72
318,0,0.2
319,0,0.0
320,0,0.01
321,0,0.02
322,0,0.37
323,0,0.02
324,0,0.0
325,1,0.95
326,0,0.01
327,0,0.03
328,0,0.05
329,0,0.03
330,0,0.0
331,0,0.0
332,0,0.06
333,0,0.25
334,0,0.0
335,0,0.05
336,0,0.06
337,0,0.04
338,0,0.0
339,0,0.12
340,0,0.19
341,0,0.02
342,0,0.05
343,0,0.02
344,0,0.29
345,0,0.05
346,1,0.53
347,0,0.02
348,0,0.1
349,0,0.04
350,1,0.63
351,1,0.89
352,1,0.75
353,0,0.0
354,0,0.15
355,0,0.04
356,0,0.15
357,0,0.07
358,0,0.0
359,0,0.01
360,0,0.02
361,0,0.0
362,0,0.02
363,0,0.39
364,0,0.2
365,0,0.03
366,0,0.03
367,0,0.04
368,0,0.01
369,0,0.16
370,0,0.0
371,0,0.03
372,0,0.08
373,0,0.01
374,1,0.65
375,0,0.07
376,0,0.0
377,0,0.0
378,1,0.68
379,0,0.03
380,0,0.0
381,0,0.41
382,1,0.54
383,0,0.08
384,0,0.0
385,1,0.82
386,0,0.0
387,0,0.09
388,0,0.26
389,0,0.0
390,0,0.03
391,0,0.16
392,0,0.03
393,0,0.02
394,0,0.03
395,0,0.03
396,0,0.4
397,0,0.3
398,0,0.02
399,0,0.31
400,0,0.01
401,0,0.13
402,0,0.03
403,0,0.36
404,0,0.0
405,0,0.29
406,0,0.0
407,0,0.01
408,0,0.0
409,0,0.03
410,0,0.07
411,0,0.04
412,0,0.0
413,0,0.0
414,0,0.26
415,0,0.0
416,0,0.01
417,1,0.52
418,0,0.0
419,0,0.02
420,0,0.04
421,0,0.12
422,1,0.54
423,0,0.04
424,1,0.82
425,0,0.07
426,0,0.05
427,0,0.04
428,0,0.22
429,0,0.01
430,0,0.09
431,0,0.03
432,0,0.0
433,0,0.03
434,0,0.06
435,0,0.04
436,0,0.01
437,1,0.53
438,0,0.34
439,0,0.02
440,0,0.19
441,0,0.01
442,0,0.0
443,0,0.4
444,0,0.07
445,0,0.01
446,0,0.04
447,0,0.4
448,1,0.53
449,1,0.64
450,0,0.05
451,0,0.05
452,0,0.01
453,0,0.05
454,0,0.0
455,0,0.0
456,0,0.1
457,0,0.39
458,0,0.04
459,0,0.0
460,0,0.04
461,0,0.43
462,0,0.03
463,1,0.88
464,0,0.0
465,0,0.01
466,0,0.06
467,0,0.02
468,0,0.03
469,0,0.01
470,0,0.02
471,0,0.01
472,0,0.24
473,0,0.04
474,1,0.61
475,0,0.03
476,0,0.01
477,0,0.04
478,0,0.01
479,0,0.0
480,0,0.19
481,0,0.01
482,0,0.18
483,0,0.04
484,0,0.0
485,1,0.6
486,0,0.01
487,0,0.14
488,0,0.03
489,0,0.42
490,0,0.0
491,0,0.14
492,0,0.0
493,1,0.57
494,0,0.0
495,0,0.01
496,0,0.02
497,0,0.02
498,0,0.04
499,0,0.0
500,0,0.0
501,0,0.0
502,0,0.23
503,0,0.27
504,0,0.01
505,0,0.14
506,0,0.08
507,1,0.67
508,0,0.01
509,0,0.07
510,0,0.01
511,0,0.04
512,0,0.02
513,0,0.0
514,0,0.12
515,0,0.05
516,1,0.5
517,0,0.01
518,0,0.04
519,0,0.07
520,0,0.25
521,0,0.1
522,0,0.08
523,1,0.86
524,0,0.4
525,0,0.1
526,0,0.0
527,1,0.6
528,0,0.03
529,0,0.14
530,0,0.06
531,0,0.45
532,0,0.01
533,0,0.04
534,0,0.02
535,0,0.01
536,0,0.12
537,0,0.03
538,0,0.0
539,0,0.35
540,0,0.01
541,0,0.0
542,1,0.83
543,0,0.0
544,0,0.04
545,0,0.02
546,0,0.12
547,0,0.04
548,0,0.13
549,0,0.38
550,0,0.12
551,0,0.01
552,0,0.0
553,0,0.01
554,0,0.04
555,0,0.02
556,0,0.02
557,0,0.15
558,0,0.49
559,0,0.05
560,0,0.02
561,0,0.37
562,0,0.06
563,0,0.07
564,0,0.26
565,0,0.1
566,0,0.0
567,0,0.01
568,0,0.06
569,0,0.05
570,0,0.33
571,0,0.0
572,0,0.07
573,0,0.01
574,1,0.78
575,0,0.06
576,1,0.81
577,1,0.53
578,1,0.64
579,0,0.0
580,0,0.14
581,0,0.09
582,0,0.03
583,0,0.22
584,0,0.25
585,0,0.0
586,0,0.07
587,0,0.01
588,0,0.01
589,0,0.0
590,0,0.02
591,0,0.0
592,0,0.3
593,0,0.14
594,0,0.01
595,0,0.05
596,1,0.73
597,0,0.06
598,0,0.16
599,0,0.43
600,1,0.69
601,0,0.0
602,0,0.09
603,0,0.0
604,0,0.35
605,0,0.01
606,0,0.05
607,0,0.25
608,0,0.0
609,0,0.01
610,0,0.01
611,0,0.06
612,0,0.01
613,0,0.02
614,0,0.06
615,0,0.03
616,0,0.03
617,0,0.01
618,0,0.01
619,0,0.13
620,0,0.03
621,0,0.35
622,0,0.04
623,0,0.01
624,0,0.0
625,1,0.58
626,0,0.0
627,0,0.1
628,0,0.08
629,0,0.03
630,0,0.01
631,0,0.13
632,0,0.13
633,0,0.0
634,0,0.0
635,0,0.02
636,0,0.12
637,0,0.01
638,0,0.01
639,0,0.27
640,0,0.0
641,0,0.01
642,0,0.01
643,0,0.03
644,0,0.06
645,1,0.71
646,0,0.16
647,0,0.02
648,0,0.25
649,0,0.13
650,0,0.01
651,0,0.03
652,0,0.06
653,0,0.01
654,0,0.05
655,0,0.34
656,1,0.72
657,0,0.01
658,0,0.01
659,0,0.0
660,0,0.2
661,0,0.05
662,0,0.01
663,0,0.07
664,0,0.04
665,0,0.02
666,1,0.57
667,0,0.02
668,1,0.79
669,1,0.62
670,0,0.02
671,0,0.0
672,0,0.05
673,0,0.0
674,0,0.01
675,0,0.05
676,1,0.94
677,1,0.59
678,0,0.05
679,0,0.07
680,0,0.0
681,1,0.87
682,0,0.01
683,0,0.01
684,1,0.81
685,0,0.4
686,0,0.16
687,0,0.0
688,0,0.0
689,0,0.0
690,0,0.02
691,0,0.08
692,0,0.14
693,0,0.39
694,0,0.03
695,0,0.33
696,0,0.1
697,0,0.02
698,0,0.23
699,0,0.04
700,0,0.04
701,0,0.49
702,0,0.43
703,0,0.0
704,0,0.19
705,0,0.0
706,0,0.06
707,0,0.01
708,0,0.01
709,0,0.01
710,0,0.0
711,0,0.0
712,0,0.0
713,0,0.0
714,0,0.14
715,0,0.02
716,0,0.03
717,1,0.54
718,1,0.71
719,0,0.04
720,0,0.0
721,0,0.09
722,0,0.0
723,0,0.05
724,0,0.0
725,0,0.04
726,1,0.64
727,0,0.01
728,0,0.0
729,0,0.15
730,0,0.03
731,0,0.0
732,0,0.03
733,0,0.47
734,0,0.01
735,0,0.04
736,0,0.12
737,0,0.2
738,0,0.12
739,0,0.02
740,0,0.07
741,0,0.28
742,0,0.19
743,0,0.37
744,0,0.06
745,0,0.03
746,0,0.04
747,1,0.51
748,0,0.0
749,0,0.38
750,1,0.75
751,0,0.0
752,0,0.0
753,0,0.0
754,0,0.05
755,0,0.0
756,0,0.04
757,0,0.05
758,0,0.0
759,0,0.02
760,0,0.21
761,0,0.01
762,0,0.0
763,0,0.09
764,0,0.04
765,0,0.05
766,0,0.0
767,0,0.21
768,0,0.0
769,0,0.19
770,0,0.11
771,1,0.72
772,1,0.94
773,0,0.03
774,0,0.0
775,0,0.36
776,0,0.09
777,0,0.08
778,0,0.01
779,0,0.05
780,0,0.0
781,0,0.05
782,0,0.0
783,0,0.1
784,0,0.02
785,0,0.06
786,0,0.08
787,0,0.04
788,0,0.02
789,0,0.01
790,0,0.0
791,0,0.0
792,0,0.04
793,0,0.0
794,0,0.07
795,0,0.0
796,0,0.02
797,0,0.01
798,0,0.02
799,0,0.03
800,0,0.02
801,0,0.06
802,1,0.67
803,0,0.01
804,0,0.0
805,0,0.19
806,0,0.04
807,0,0.01
808,0,0.25
809,0,0.24
810,0,0.02
811,0,0.25
812,0,0.01
813,0,0.19
814,0,0.07
815,0,0.02
816,1,0.59
817,1,0.64
818,0,0.12
819,0,0.01
820,0,0.42
821,0,0.0
822,0,0.0
823,0,0.09
824,0,0.0
825,0,0.03
826,0,0.03
827,0,0.21
828,0,0.26
829,0,0.0
830,0,0.1
831,0,0.02
832,1,0.54
833,0,0.0
834,0,0.11
835,1,0.88
836,0,0.09
837,0,0.01
838,0,0.33
839,0,0.0
840,0,0.41
841,0,0.0
842,0,0.01
843,0,0.04
844,0,0.01
845,0,0.02
846,0,0.0
847,0,0.01
848,0,0.14
849,0,0.1
850,0,0.35
851,0,0.2
852,0,0.09
853,1,0.51
854,0,0.18
855,0,0.01
856,0,0.01
857,0,0.14
858,0,0.04
859,0,0.03
860,0,0.06
861,0,0.48
862,0,0.02
863,0,0.06
864,0,0.08
865,0,0.48
866,0,0.11
867,0,0.09
868,0,0.03
869,0,0.02
870,0,0.0
871,0,0.03
872,0,0.01
873,0,0.02
874,0,0.2
875,0,0.01
876,1,0.63
877,0,0.03
878,0,0.01
879,0,0.03
880,0,0.07
881,0,0.03
882,1,0.68
883,0,0.36
884,0,0.07
885,0,0.05
886,0,0.11
887,0,0.08
888,0,0.01
889,1,0.65
890,0,0.03
891,0,0.14
892,0,0.0
893,0,0.01
894,0,0.36
895,0,0.27
896,0,0.14
897,0,0.0
898,0,0.02
899,0,0.01
900,0,0.0
901,0,0.0
902,0,0.0
903,0,0.12
904,1,0.62
905,0,0.01
906,0,0.16
907,0,0.0
908,0,0.44
909,0,0.37
910,0,0.0
911,0,0.0
912,0,0.27
913,0,0.0
914,0,0.01
915,0,0.11
916,0,0.01
917,0,0.01
918,0,0.26
919,0,0.04
920,0,0.0
921,0,0.01
922,0,0.02
923,0,0.15
924,0,0.02
925,0,0.03
926,0,0.04
927,0,0.05
928,0,0.06
929,0,0.05
930,0,0.09
931,0,0.03
932,0,0.02
933,0,0.09
934,0,0.19
935,0,0.28
936,0,0.0
937,0,0.02
938,0,0.02
939,0,0.07
940,0,0.1
941,0,0.01
942,0,0.03
943,0,0.0
944,1,0.78
945,0,0.02
946,0,0.01
947,0,0.02
948,0,0.12
949,0,0.0
950,0,0.4
951,0,0.05
952,0,0.09
953,0,0.03
954,0,0.3
955,0,0.06
956,0,0.01
957,0,0.03
958,0,0.32
959,0,0.16
960,0,0.08
961,0,0.01
962,1,0.53
963,0,0.02
964,0,0.12
965,0,0.03
966,0,0.31
967,0,0.42
968,0,0.01
969,0,0.05
970,0,0.42
971,0,0.27
972,0,0.12
973,0,0.08
974,0,0.01
975,0,0.03
976,0,0.01
977,0,0.04
978,1,0.95
979,0,0.0
980,1,0.85
981,0,0.06
982,0,0.0
983,0,0.14
984,0,0.0
985,1,0.85
986,0,0.02
987,0,0.03
988,1,0.8
989,0,0.0
990,0,0.01
991,0,0.0
992,0,0.05
993,0,0.02
994,1,0.94
995,0,0.0
996,0,0.08
997,0,0.18
998,0,0.0
999,0,0.12
1000,0,0.02
1001,0,0.31
1002,0,0.29
1003,0,0.31
1004,0,0.06
1005,0,0.0
1006,0,0.01
1007,0,0.0
1008,0,0.03
1009,1,0.93
1010,0,0.02
1011,0,0.0
1012,0,0.06
1013,0,0.02
1014,0,0.18
1015,0,0.03
1016,0,0.31
1017,1,0.64
1018,0,0.02
1019,0,0.0
1020,0,0.01
1021,0,0.48
1022,0,0.06
1023,0,0.11
1024,0,0.02
1025,0,0.01
1026,0,0.08
1027,0,0.03
1028,0,0.02
1029,0,0.36
1030,0,0.01
1031,0,0.03
1032,0,0.44
1033,0,0.07
1034,0,0.44
1035,0,0.19
1036,0,0.0
1037,1,0.6
1038,0,0.19
1039,0,0.06
1040,0,0.01
1041,0,0.1
1042,0,0.03
1043,0,0.0
1044,0,0.09
1045,0,0.05
1046,0,0.01
1047,0,0.0
1048,0,0.11
1049,0,0.04
1050,0,0.12
1051,0,0.02
1052,1,0.5
1053,0,0.09
1054,0,0.05
1055,0,0.45
1056,0,0.08
1057,0,0.05
1058,0,0.43
1059,0,0.0
1060,0,0.0
1061,0,0.02
1062,0,0.02
1063,0,0.01
1064,1,0.54
1065,0,0.18
1066,0,0.01
1067,1,0.63
1068,0,0.0
1069,0,0.01
1070,0,0.04
1071,0,0.04
1072,0,0.05
1073,0,0.0
1074,0,0.03
1075,0,0.06
1076,0,0.0
1077,0,0.16
1078,0,0.04
1079,0,0.0
1080,0,0.19
1081,0,0.4
1082,0,0.0
1083,0,0.01
1084,0,0.0
1085,1,0.66
1086,0,0.02
1087,0,0.03
1088,0,0.0
1089,1,0.76
1090,0,0.09
1091,0,0.11
1092,0,0.01
1093,1,0.86
1094,0,0.01
1095,0,0.0
1096,0,0.0
1097,0,0.01
1098,0,0.02
1099,0,0.0
1100,0,0.03
1101,0,0.02
1102,0,0.04
1103,0,0.04
1104,0,0.01
1105,0,0.04
1106,0,0.0
1107,0,0.0
1108,0,0.0
1109,1,0.56
1110,0,0.06
1111,0,0.02
1112,0,0.04
1113,1,0.53
1114,0,0.0
1115,0,0.13
1116,0,0.07
1117,0,0.31
1118,0,0.28
1119,0,0.0
1120,0,0.06
1121,0,0.01
1122,1,0.94
1123,1,0.91
1124,0,0.0
1125,0,0.04
1126,0,0.46
1127,0,0.04
1128,0,0.02
1129,0,0.0
1130,0,0.01
1131,0,0.07
1132,0,0.03
1133,0,0.3
1134,0,0.15
1135,0,0.02
1136,1,0.85
1137,0,0.03
1138,0,0.01
1139,1,0.68
1140,0,0.03
1141,0,0.0
1142,0,0.02
1143,0,0.04
1144,0,0.0
1145,1,0.84
1146,0,0.0
1147,0,0.01
1148,1,0.71
1149,0,0.04
1150,0,0.09
1151,0,0.15
1152,0,0.03
1153,0,0.02
1154,0,0.13
1155,0,0.0
1156,0,0.0
1157,0,0.44
1158,0,0.35
1159,0,0.02
1160,0,0.04
1161,0,0.01
1162,0,0.08
1163,0,0.0
1164,1,0.9
1165,0,0.02
1166,0,0.43
1167,1,0.59
1168,0,0.26
1169,1,0.5
1170,0,0.43
1171,0,0.14
1172,0,0.02
1173,0,0.09
1174,0,0.02
1175,0,0.12
1176,0,0.08
1177,0,0.0
1178,0,0.0
1179,1,0.6
1180,0,0.01
1181,0,0.08
1182,0,0.05
1183,0,0.06
1184,0,0.0
1185,0,0.0
1186,1,0.58
1187,0,0.06
1188,0,0.1
1189,0,0.01
1190,0,0.28
1191,0,0.01
1192,0,0.06
1193,0,0.01
1194,0,0.0
1195,0,0.03
1196,0,0.04
1197,0,0.02
1198,0,0.01
1199,0,0.01
1200,0,0.02
1201,0,0.0
1202,0,0.4
1203,0,0.07
1204,0,0.08
1205,0,0.25
1206,0,0.01
1207,0,0.01
1208,0,0.07
1209,0,0.0
1210,0,0.0
1211,0,0.0
1212,0,0.1
1213,0,0.13
1214,0,0.05
1215,0,0.0
1216,1,0.9
1217,0,0.11
1218,0,0.02
1219,0,0.13
1220,0,0.0
1221,0,0.15
1222,0,0.39
1223,0,0.02
1224,0,0.04
1225,0,0.0
1226,0,0.0
1227,0,0.02
1228,0,0.01
1229,0,0.02
1230,0,0.02
1231,0,0.43
1232,0,0.04
1233,0,0.01
1234,0,0.18
1235,0,0.17
1236,0,0.03
1237,0,0.09
1238,0,0.29
1239,0,0.03
1240,1,0.75
1241,0,0.01
1242,0,0.22
1243,0,0.01
1244,0,0.01
1245,0,0.44
1246,0,0.02
1247,0,0.02
1248,0,0.0
1249,0,0.01
1250,1,0.56
1251,0,0.01
1252,0,0.47
1253,0,0.0
1254,0,0.09
1255,0,0.01
1256,0,0.0
1257,0,0.03
1258,0,0.08
1259,0,0.01
1260,1,0.84
1261,0,0.0
1262,0,0.0
1263,0,0.01
1264,0,0.0
1265,0,0.0
1266,0,0.07
1267,0,0.03
1268,0,0.0
1269,0,0.06
1270,0,0.14
1271,0,0.02
1272,0,0.03
1273,1,0.87
1274,0,0.0
1275,0,0.04
1276,0,0.0
1277,1,0.59
1278,0,0.02
1279,0,0.0
1280,0,0.28
1281,0,0.08
1282,0,0.03
1283,1,0.74
1284,0,0.0
1285,0,0.01
1286,0,0.0
1287,0,0.07
1288,0,0.03
1289,0,0.01
1290,1,0.83
1291,0,0.02
1292,0,0.02
1293,0,0.32
1294,0,0.38
1295,0,0.03
1296,0,0.47
1297,0,0.36
1298,0,0.01
1299,0,0.0
1300,0,0.04
1301,0,0.14
1302,0,0.02
1303,0,0.39
1304,1,0.61
1305,0,0.02
1306,0,0.05
1307,0,0.01
1308,0,0.02
1309,1,0.56
1310,0,0.05
1311,0,0.0
1312,0,0.03
1313,0,0.0
1314,0,0.37
1315,0,0.01
1316,0,0.04
1317,0,0.0
1318,0,0.02
1319,0,0.06
1320,0,0.04
1321,0,0.01
1322,0,0.02
1323,0,0.19
1324,0,0.0
1325,1,0.73
1326,0,0.17
1327,0,0.08
1328,0,0.28
1329,1,0.72
1330,0,0.0
1331,1,0.57
1332,0,0.0
1333,0,0.01
1334,0,0.03
1335,0,0.0
1336,0,0.03
1337,0,0.0
1338,0,0.01
1339,0,0.07
1340,0,0.02
1341,0,0.37
1342,0,0.39
1343,0,0.04
1344,0,0.01
1345,0,0.02
1346,1,0.51
1347,0,0.01
1348,0,0.04
1349,1,0.85
1350,0,0.02
1351,0,0.03
1352,0,0.3
1353,0,0.15
1354,0,0.01
1355,0,0.04
1356,0,0.44
1357,0,0.03
1358,0,0.19
1359,0,0.09
1360,0,0.0
1361,0,0.46
1362,0,0.03
1363,1,0.68
1364,0,0.01
1365,0,0.09
1366,0,0.43
1367,0,0.21
1368,0,0.01
1369,1,0.62
1370,0,0.21
1371,0,0.01
1372,0,0.18
1373,0,0.01
1374,0,0.01
1375,0,0.0
1376,0,0.04
1377,1,0.54
1378,1,0.69
1379,0,0.26
1380,0,0.06
1381,1,0.75
1382,1,0.74
1383,0,0.0
1384,1,0.75
1385,1,0.56
1386,1,0.75
1387,0,0.15
1388,0,0.03
1389,0,0.16
1390,0,0.01
1391,0,0.03
1392,0,0.09
1393,1,0.62
1394,0,0.01
1395,1,0.52
1396,0,0.01
1397,0,0.0
1398,0,0.0
1399,0,0.01
1400,0,0.02
1401,0,0.04
1402,0,0.01
1403,0,0.09
1404,0,0.02
1405,0,0.02
1406,0,0.07
1407,0,0.15
1408,0,0.02
1409,0,0.0
1410,0,0.0
1411,0,0.02
1412,0,0.06
1413,1,0.61
1414,0,0.11
1415,0,0.22
1416,0,0.1
1417,0,0.0
1418,1,0.55
1419,1,0.59
1420,0,0.0
1421,0,0.01
1422,0,0.05
1423,0,0.04
1424,1,0.5
1425,1,0.55
1426,0,0.0
1427,0,0.43
1428,0,0.44
1429,0,0.05
1430,0,0.02
1431,0,0.34
1432,0,0.0
1433,0,0.03
1434,1,0.69
1435,0,0.0
1436,0,0.03
1437,0,0.0
1438,1,0.54
1439,1,0.64
1440,0,0.01
1441,0,0.0
1442,0,0.07
1443,0,0.0
1444,0,0.01
1445,0,0.08
1446,0,0.04
1447,0,0.05
1448,1,0.7
1449,0,0.0
1450,0,0.02
1451,0,0.06
1452,0,0.06
1453,0,0.0
1454,1,0.61
1455,0,0.34
1456,0,0.0
1457,0,0.48
1458,0,0.0
1459,0,0.04
1460,0,0.0
1461,0,0.04
1462,0,0.07
1463,0,0.3
1464,0,0.13
1465,0,0.03
1466,0,0.47
1467,1,0.64
1468,0,0.0
1469,0,0.23
1470,1,0.64
1471,0,0.0
1472,0,0.06
1473,0,0.04
1474,0,0.0
1475,0,0.15
1476,0,0.2
1477,0,0.4
1478,0,0.01
1479,0,0.03
1480,0,0.02
1481,0,0.03
1482,0,0.0
1483,0,0.07
1484,0,0.03
1485,1,0.5
1486,0,0.01
1487,1,0.92
1488,0,0.29
1489,0,0.02
1490,0,0.0
1491,1,0.72
1492,0,0.0
1493,0,0.02
1494,0,0.0
1495,0,0.07
1496,0,0.03
1497,0,0.04
1498,0,0.18
1499,1,0.66
1500,0,0.01
1501,0,0.0
1502,0,0.02
1503,0,0.03
1504,0,0.01
1505,0,0.1
1506,0,0.03
1507,0,0.07
1508,0,0.0
1509,0,0.44
1510,0,0.0
1511,0,0.1
1512,0,0.0
1513,1,0.87
1514,1,0.58
1515,0,0.02
1516,0,0.02
1517,0,0.05
1518,0,0.05
1519,0,0.01
1520,0,0.28
1521,0,0.03
1522,0,0.0
1523,0,0.0
1524,0,0.39
1525,0,0.08
1526,0,0.0
1527,1,0.69
1528,0,0.0
1529,0,0.08
1530,0,0.01
1531,0,0.13
1532,0,0.0
1533,0,0.0
1534,0,0.01
1535,0,0.0
1536,0,0.11
1537,0,0.29
1538,0,0.01
1539,0,0.0
1540,1,0.64
1541,0,0.0
1542,1,0.82
1543,0,0.01
1544,0,0.01
1545,0,0.04
1546,0,0.02
1547,0,0.01
1548,0,0.31
1549,0,0.42
1550,0,0.07
1551,0,0.01
1552,0,0.17
1553,0,0.01
1554,0,0.05
1555,0,0.07
1556,0,0.0
1557,1,0.76
1558,1,0.74
1559,0,0.04
1560,0,0.0
1561,0,0.05
1562,0,0.07
1563,0,0.0
1564,0,0.03
1565,0,0.0
1566,0,0.01
1567,1,0.77
1568,0,0.05
1569,0,0.05
1570,0,0.0
1571,0,0.03
1572,1,0.76
1573,1,0.56
1574,0,0.01
1575,1,0.53
1576,0,0.01
1577,0,0.0
1578,0,0.01
1579,0,0.48
1580,0,0.0
1581,1,0.77
1582,1,0.51
1583,1,0.65
1584,0,0.0
1585,0,0.0
1586,0,0.02
1587,0,0.27
1588,0,0.35
1589,0,0.03
1590,0,0.46
1591,0,0.0
1592,0,0.14
1593,0,0.03
1594,0,0.03
1595,0,0.0
1596,1,0.89
1597,0,0.0
1598,0,0.13
1599,0,0.02
1600,0,0.17
1601,0,0.07
1602,0,0.12
1603,1,0.79
1604,1,0.61
1605,0,0.01
1606,0,0.0
1607,0,0.01
1608,0,0.14
1609,0,0.36
1610,0,0.31
1611,0,0.01
1612,0,0.0
1613,0,0.01
1614,0,0.01
1615,0,0.03
1616,0,0.12
1617,0,0.04
1618,0,0.03
1619,0,0.02
1620,0,0.04
1621,0,0.08
1622,0,0.0
1623,0,0.11
1624,0,0.0
1625,0,0.03
1626,0,0.07
1627,0,0.01
1628,0,0.01
1629,0,0.03
1630,0,0.23
1631,0,0.01
1632,0,0.09
1633,0,0.01
1634,1,0.59
1635,0,0.05
1636,0,0.03
1637,0,0.14
1638,0,0.07
1639,0,0.0
1640,0,0.3
1641,0,0.0
1642,0,0.06
1643,0,0.03
1644,0,0.1
1645,1,0.58
1646,0,0.01
1647,0,0.0
1648,0,0.0
1649,0,0.04
1650,1,0.64
1651,0,0.0
1652,0,0.18
1653,0,0.03
1654,0,0.02
1655,0,0.0
1656,1,0.51
1657,0,0.05
1658,0,0.12
1659,0,0.01
1660,1,0.66
1661,0,0.04
1662,0,0.01
1663,0,0.05
1664,1,0.71
1665,0,0.0
1666,0,0.39
1667,0,0.01
1668,0,0.0
1669,0,0.01
1670,0,0.0
1671,0,0.06
1672,0,0.08
1673,0,0.37
1674,0,0.02
1675,0,0.09
1676,0,0.0
1677,1,0.54
1678,0,0.07
1679,0,0.07
1680,0,0.06
1681,1,0.92
1682,0,0.03
1683,1,0.77
1684,0,0.06
1685,0,0.03
1686,0,0.0
1687,0,0.03
1688,1,0.64
1689,0,0.02
1690,0,0.02
1691,0,0.04
1692,0,0.02
1693,0,0.01
1694,0,0.08
1695,0,0.48
1696,0,0.05
1697,0,0.08
1698,0,0.33
1699,0,0.01
1700,0,0.07
1701,0,0.06
1702,0,0.0
1703,0,0.03
1704,0,0.05
1705,0,0.03
1706,1,0.61
1707,0,0.02
1708,0,0.0
1709,0,0.31
1710,0,0.0
1711,1,0.79
1712,0,0.0
1713,0,0.0
1714,0,0.34
1715,0,0.0
1716,0,0.0
1717,0,0.0
1718,0,0.2
1719,0,0.03
1720,0,0.26
1721,0,0.44
1722,0,0.02
1723,0,0.01
1724,0,0.01
1725,0,0.02
1726,0,0.16
1727,0,0.05
1728,0,0.0
1729,0,0.22
1730,1,0.65
1731,0,0.01
1732,0,0.03
1733,0,0.0
1734,0,0.07
1735,0,0.05
1736,0,0.04
1737,0,0.25
1738,0,0.35
1739,0,0.0
1740,0,0.02
1741,0,0.0
1742,0,0.28
1743,0,0.0
1744,0,0.39
1745,0,0.0
1746,0,0.46
1747,0,0.0
1748,0,0.06
1749,0,0.01
1750,0,0.07
1751,0,0.05
1752,0,0.29
1753,0,0.02
1754,0,0.11
1755,0,0.01
1756,0,0.0
1757,0,0.2
1758,1,0.87
1759,0,0.15
1760,0,0.06
1761,0,0.0
1762,0,0.02
1763,0,0.04
1764,0,0.12
1765,0,0.0
1766,1,0.81
1767,0,0.0
1768,0,0.07
1769,0,0.03
1770,0,0.22
1771,0,0.39
1772,0,0.09
1773,0,0.02
1774,0,0.03
1775,0,0.01
1776,1,0.63
1777,0,0.01
1778,0,0.0
1779,0,0.01
1780,0,0.05
1781,0,0.01
1782,0,0.0
1783,0,0.0
1784,0,0.04
1785,0,0.03
1786,1,0.73
1787,0,0.49
1788,0,0.03
1789,0,0.04
1790,0,0.02
1791,1,0.66
1792,0,0.0
1793,0,0.04
1794,0,0.01
1795,0,0.0
1796,0,0.1
1797,0,0.0
1798,0,0.05
1799,0,0.38
1800,0,0.01
1801,1,0.78
1802,0,0.34
1803,0,0.13
1804,0,0.11
1805,0,0.0
1806,0,0.19
1807,0,0.13
1808,0,0.0
1809,0,0.0
1810,0,0.02
1811,1,0.87
1812,0,0.06
1813,1,0.84
1814,0,0.01
1815,0,0.0
1816,0,0.01
1817,0,0.01
1818,0,0.02
1819,0,0.32
1820,0,0.0
1821,0,0.03
1822,0,0.03
1823,0,0.02
1824,0,0.05
1825,0,0.23
1826,1,0.5
1827,0,0.2
1828,0,0.0
1829,0,0.13
1830,0,0.0
1831,0,0.01
1832,0,0.05
1833,1,0.66
1834,0,0.33
1835,0,0.12
1836,1,0.75
1837,0,0.0
1838,0,0.04
1839,0,0.02
1840,0,0.0
1841,0,0.0
1842,0,0.02
1843,0,0.0
1844,0,0.08
1845,0,0.05
1846,0,0.01
1847,0,0.04
1848,0,0.02
1849,0,0.0
1850,0,0.01
1851,0,0.39
1852,0,0.01
1853,0,0.0
1854,0,0.01
1855,0,0.02
1856,0,0.29
1857,0,0.02
1858,0,0.01
1859,0,0.02
1860,0,0.14
1861,0,0.04
1862,1,0.69
1863,0,0.08
1864,1,0.7
1865,0,0.03
1866,0,0.12
1867,0,0.07
1868,0,0.06
1869,0,0.01
1870,0,0.02
1871,0,0.04
1872,0,0.08
1873,0,0.08
1874,0,0.05
1875,0,0.02
1876,0,0.05
1877,0,0.04
1878,0,0.01
1879,1,0.88
1880,0,0.11
1881,0,0.01
1882,0,0.23
1883,0,0.07
1884,0,0.02
1885,0,0.01
1886,0,0.1
1887,0,0.01
1888,0,0.01
1889,0,0.03
1890,0,0.03
1891,0,0.1
1892,0,0.24
1893,1,0.85
1894,0,0.0
1895,0,0.39
1896,0,0.0
1897,0,0.03
1898,0,0.04
1899,0,0.35
1900,0,0.38
1901,0,0.05
1902,0,0.25
1903,0,0.06
1904,0,0.21
1905,0,0.34
1906,0,0.0
1907,0,0.0
1908,0,0.02
1909,0,0.01
1910,0,0.0
1911,0,0.04
1912,0,0.3
1913,0,0.27
1914,1,0.6
1915,0,0.02
1916,0,0.0
1917,0,0.04
1918,1,0.64
1919,0,0.47
1920,0,0.01
1921,0,0.04
1922,0,0.01
1923,0,0.02
1924,0,0.49
1925,0,0.11
1926,0,0.2
1927,0,0.13
1928,1,0.85
1929,0,0.48
1930,0,0.05
1931,0,0.04
1932,0,0.0
1933,1,0.52
1934,0,0.04
1935,0,0.01
1936,0,0.06
1937,1,0.65
1938,0,0.02
1939,0,0.03
1940,0,0.13
1941,0,0.11
1942,0,0.02
1943,0,0.01
1944,0,0.0
1945,0,0.01
1946,0,0.06
1947,0,0.0
1948,0,0.0
1949,0,0.16
1950,0,0.0
1951,0,0.0
1952,1,0.83
1953,0,0.07
1954,0,0.11
1955,0,0.42
1956,0,0.01
1957,1,0.92
1958,0,0.05
1959,0,0.0
1960,1,0.67
1961,0,0.0
1962,0,0.36
1963,0,0.02
1964,0,0.01
1965,0,0.02
1966,0,0.0
1967,1,0.67
1968,0,0.07
1969,0,0.05
1970,0,0.0
1971,0,0.01
1972,0,0.01
1973,0,0.0
1974,0,0.18
1975,0,0.19
1976,0,0.3
1977,0,0.0
1978,1,0.58
1979,0,0.24
1980,0,0.1
1981,0,0.2
1982,0,0.01
1983,0,0.0
1984,0,0.1
1985,0,0.01
1986,0,0.03
1987,0,0.02
1988,0,0.16
1989,0,0.04
1990,0,0.0
1991,0,0.02
1992,0,0.0
1993,1,0.58
1994,0,0.06
1995,0,0.0
1996,0,0.03
1997,0,0.07
1998,0,0.02
1999,0,0.01
2000,0,0.21
2001,0,0.0
2002,0,0.17
2003,0,0.04
2004,0,0.33
2005,0,0.0
2006,0,0.01
2007,0,0.0
2008,0,0.03
2009,0,0.01
2010,0,0.05
2011,0,0.01
2012,0,0.09
2013,0,0.42
2014,0,0.01
2015,0,0.17
2016,0,0.02
2017,0,0.0
2018,0,0.01
2019,0,0.13
2020,0,0.01
2021,0,0.0
2022,0,0.29
2023,0,0.02
2024,0,0.01
2025,0,0.16
2026,0,0.05
2027,0,0.44
2028,0,0.02
2029,0,0.04
2030,0,0.0
2031,0,0.03
2032,0,0.01
2033,0,0.3
2034,0,0.16
2035,1,0.84
2036,0,0.0
2037,0,0.0
2038,0,0.02
2039,0,0.0
2040,0,0.0
2041,0,0.01
2042,0,0.0
2043,0,0.01
2044,0,0.0
2045,1,0.64
2046,0,0.01
2047,0,0.0
2048,0,0.44
2049,0,0.2
2050,0,0.25
2051,0,0.01
2052,0,0.02
2053,0,0.0
2054,0,0.0
2055,0,0.03
2056,0,0.49
2057,0,0.0
2058,0,0.04
2059,0,0.29
2060,0,0.0
2061,0,0.03
2062,0,0.09
2063,0,0.05
2064,0,0.06
2065,1,0.91
2066,0,0.38
2067,0,0.0
2068,0,0.03
2069,0,0.03
2070,0,0.05
2071,1,0.68
2072,0,0.02
2073,0,0.0
2074,0,0.0
2075,0,0.02
2076,0,0.01
2077,0,0.0
2078,0,0.06
2079,0,0.03
2080,0,0.01
2081,0,0.49
2082,0,0.01
2083,0,0.03
2084,1,0.66
2085,0,0.02
2086,0,0.03
2087,0,0.25
2088,0,0.03
2089,1,0.84
2090,0,0.01
2091,0,0.02
2092,0,0.42
2093,0,0.0
2094,0,0.09
2095,0,0.31
2096,0,0.0
2097,0,0.06
2098,0,0.01
2099,0,0.22
2100,1,0.75
2101,0,0.0
2102,0,0.02
2103,0,0.07
2104,0,0.04
2105,0,0.01
2106,0,0.38
2107,0,0.01
2108,0,0.02
2109,0,0.01
2110,0,0.02
2111,0,0.01
2112,0,0.08
2113,0,0.03
2114,0,0.0
2115,1,0.78
2116,0,0.0
2117,0,0.15
2118,0,0.07
2119,0,0.1
2120,1,0.52
2121,0,0.01
2122,0,0.01
2123,0,0.47
2124,0,0.27
2125,1,0.85
2126,0,0.0
2127,0,0.0
2128,0,0.44
2129,0,0.0
2130,0,0.48
2131,0,0.02
2132,0,0.0
2133,0,0.34
2134,0,0.02
2135,0,0.04
2136,0,0.15
2137,0,0.0
2138,0,0.04
2139,0,0.25
2140,0,0.0
2141,1,0.68
2142,0,0.01
2143,1,0.83
2144,0,0.0
2145,0,0.0
2146,0,0.0
2147,0,0.05
2148,0,0.0
2149,0,0.01
2150,0,0.01
2151,0,0.19
2152,0,0.1
2153,0,0.04
2154,0,0.0
2155,0,0.0
2156,0,0.02
2157,1,0.51
2158,1,0.76
2159,1,0.9
2160,0,0.0
2161,0,0.0
2162,0,0.29
2163,1,0.67
2164,0,0.05
2165,0,0.09
2166,0,0.02
2167,0,0.01
2168,0,0.01
2169,0,0.01
2170,0,0.03
2171,0,0.04
2172,0,0.19
2173,0,0.0
2174,0,0.19
2175,0,0.25
2176,0,0.2
2177,0,0.06
2178,0,0.01
2179,0,0.01
2180,0,0.0
2181,0,0.12
2182,0,0.03
2183,0,0.08
2184,0,0.0
2185,0,0.08
2186,0,0.04
2187,0,0.01
2188,0,0.05
2189,0,0.0
2190,0,0.01
2191,0,0.01
2192,0,0.18
2193,0,0.01
2194,1,0.58
2195,1,0.81
2196,0,0.01
2197,0,0.02
2198,0,0.1
2199,0,0.03
2200,0,0.01
2201,0,0.16
2202,0,0.0
2203,0,0.32
2204,0,0.01
2205,0,0.0
2206,0,0.0
2207,0,0.0
2208,1,0.52
2209,0,0.01
2210,0,0.1
2211,0,0.08
2212,0,0.01
2213,0,0.01
2214,0,0.03
2215,0,0.07
2216,0,0.02
2217,0,0.02
2218,0,0.01
2219,0,0.04
2220,0,0.0
2221,0,0.0
2222,0,0.04
2223,0,0.03
2224,0,0.02
2225,0,0.19
2226,0,0.01
2227,0,0.25
2228,1,0.53
2229,0,0.01
2230,0,0.03
2231,0,0.03
2232,0,0.0
2233,0,0.04
2234,1,0.81
2235,0,0.0
2236,0,0.2
2237,1,0.57
2238,0,0.0
2239,0,0.0
2240,0,0.22
2241,0,0.04
2242,0,0.19
2243,0,0.02
2244,0,0.01
2245,0,0.41
2246,0,0.01
2247,1,0.85
2248,0,0.03
2249,0,0.01
2250,0,0.26
2251,1,0.58
2252,0,0.07
2253,0,0.0
2254,0,0.17
2255,0,0.03
2256,0,0.04
2257,0,0.28
2258,0,0.0
2259,0,0.03
2260,0,0.22
2261,0,0.0
2262,0,0.04
2263,0,0.0
2264,0,0.0
2265,0,0.0
2266,1,0.7
2267,0,0.35
2268,0,0.15
2269,0,0.01
2270,0,0.02
2271,0,0.04
2272,0,0.06
2273,0,0.04
2274,0,0.14
2275,0,0.08
2276,0,0.04
2277,0,0.06
2278,0,0.02
2279,1,0.54
2280,0,0.46
2281,0,0.12
2282,0,0.37
2283,0,0.23
2284,0,0.1
2285,0,0.01
2286,0,0.02
2287,1,0.55
2288,0,0.0
2289,0,0.41
2290,0,0.39
2291,0,0.05
2292,0,0.01
2293,0,0.0
2294,1,0.57
2295,0,0.0
2296,0,0.06
2297,0,0.3
2298,0,0.22
2299,0,0.0
2300,0,0.22
2301,0,0.01
2302,0,0.01
2303,1,0.82
2304,0,0.07
2305,0,0.12
2306,0,0.11
2307,0,0.01
2308,1,0.89
2309,0,0.0
2310,0,0.01
2311,0,0.0
2312,0,0.39
2313,0,0.01
2314,0,0.0
2315,0,0.0
2316,0,0.01
2317,0,0.07
2318,0,0.1
2319,0,0.01
2320,1,0.89
2321,0,0.02
2322,0,0.06
2323,0,0.29
2324,0,0.02
2325,0,0.04
2326,0,0.0
2327,0,0.0
2328,0,0.05
2329,0,0.0
2330,0,0.11
2331,0,0.1
2332,0,0.01
2333,0,0.06
2334,0,0.36
2335,0,0.14
2336,1,0.89
2337,0,0.04
2338,0,0.14
2339,0,0.02
2340,0,0.47
2341,0,0.3
2342,0,0.03
2343,0,0.03
2344,0,0.0
2345,0,0.42
2346,0,0.37
2347,0,0.01
2348,0,0.45
2349,0,0.1
2350,0,0.13
2351,0,0.0
2352,0,0.1
2353,0,0.02
2354,1,0.79
2355,1,0.85
2356,1,0.8
2357,0,0.09
2358,0,0.13
2359,1,0.72
2360,0,0.0
2361,0,0.02
2362,0,0.04
2363,0,0.01
2364,0,0.02
2365,0,0.0
2366,0,0.0
2367,0,0.31
2368,1,0.5
2369,0,0.02
2370,0,0.01
2371,0,0.01
2372,1,0.68
2373,0,0.06
2374,0,0.02
2375,0,0.0
2376,0,0.06
2377,0,0.07
2378,1,0.75
2379,0,0.35
2380,0,0.03
2381,0,0.0
2382,0,0.01
2383,0,0.2
2384,1,0.7
2385,0,0.05
2386,0,0.0
2387,0,0.0
2388,0,0.02
2389,1,0.56
2390,1,0.63
2391,1,0.6
2392,0,0.32
2393,0,0.0
2394,0,0.18
2395,1,0.62
2396,0,0.02
2397,0,0.08
2398,1,0.9
2399,0,0.03
2400,1,0.93
2401,0,0.01
2402,0,0.0
2403,0,0.0
2404,0,0.1
2405,0,0.0
2406,0,0.18
2407,1,0.62
2408,0,0.0
2409,0,0.14
2410,1,0.5
2411,0,0.0
2412,0,0.01
2413,0,0.13
2414,0,0.02
2415,0,0.29
2416,0,0.0
2417,0,0.01
2418,0,0.0
2419,0,0.0
2420,0,0.0
2421,0,0.38
2422,0,0.13
2423,0,0.02
2424,0,0.0
2425,0,0.0
2426,0,0.05
2427,1,0.78
2428,0,0.04
2429,0,0.0
2430,0,0.31
2431,0,0.0
2432,0,0.01
2433,1,0.69
2434,0,0.0
2435,0,0.24
2436,0,0.05
2437,0,0.04
2438,0,0.02
2439,1,0.87
2440,0,0.05
2441,0,0.0
2442,0,0.11
2443,0,0.16
2444,0,0.42
2445,0,0.03
2446,0,0.04
2447,0,0.03
2448,1,0.79
2449,0,0.15
2450,1,0.82
2451,1,0.62
2452,0,0.0
2453,0,0.01
2454,0,0.0
2455,0,0.01
2456,0,0.0
2457,0,0.33
2458,1,0.92
2459,0,0.0
2460,0,0.03
2461,0,0.36
2462,0,0.2
2463,0,0.0
2464,0,0.05
2465,1,0.72
2466,0,0.04
2467,0,0.0
2468,0,0.0
2469,0,0.0
2470,0,0.03
2471,0,0.15
2472,0,0.48
2473,0,0.0
2474,1,0.73
2475,0,0.02
2476,0,0.02
2477,0,0.01
2478,0,0.08
2479,1,0.8
2480,0,0.0
2481,0,0.01
2482,0,0.11
2483,0,0.03
2484,0,0.25
2485,0,0.0
2486,0,0.29
2487,0,0.01
2488,0,0.03
2489,0,0.0
2490,0,0.06
2491,0,0.14
2492,0,0.03
2493,0,0.06
2494,0,0.0
2495,0,0.02
2496,0,0.0
2497,0,0.01
2498,0,0.01
2499,0,0.06
2500,0,0.02
2501,0,0.11
2502,0,0.01
2503,0,0.31
2504,0,0.0
2505,0,0.01
2506,0,0.01
2507,1,0.7
2508,0,0.02
2509,0,0.01
2510,0,0.02
2511,0,0.0
2512,0,0.04
2513,0,0.23
2514,0,0.0
2515,0,0.06
2516,0,0.01
2517,0,0.01
2518,0,0.15
2519,0,0.04
2520,0,0.47
2521,0,0.0
2522,0,0.0
2523,0,0.0
2524,0,0.01
2525,0,0.2
2526,0,0.04
2527,1,0.51
2528,0,0.05
2529,0,0.06
2530,1,0.84
2531,0,0.0
2532,0,0.47
2533,0,0.04
2534,0,0.0
2535,0,0.02
2536,0,0.07
2537,0,0.05
2538,0,0.04
2539,0,0.0
2540,0,0.08
2541,0,0.03
2542,0,0.02
2543,0,0.01
2544,0,0.0
2545,0,0.1
2546,0,0.1
2547,0,0.03
2548,0,0.01
2549,0,0.0
2550,0,0.02
2551,0,0.01
2552,0,0.07
2553,0,0.37
2554,0,0.34
2555,0,0.05
2556,0,0.05
2557,0,0.07
2558,0,0.08
2559,1,0.78
2560,0,0.0
2561,1,0.67
2562,0,0.33
2563,0,0.35
2564,1,0.8
2565,0,0.15
2566,0,0.02
2567,0,0.02
2568,0,0.34
2569,0,0.0
2570,0,0.0
2571,0,0.14
2572,0,0.0
2573,0,0.05
2574,0,0.08
2575,0,0.09
2576,0,0.0
2577,0,0.2
2578,0,0.03
2579,0,0.06
2580,0,0.37
2581,0,0.0
2582,0,0.0
2583,0,0.0
2584,0,0.09
2585,0,0.06
2586,0,0.09
2587,0,0.01
2588,0,0.01
2589,0,0.0
2590,0,0.01
2591,0,0.04
2592,0,0.06
2593,1,0.51
2594,0,0.04
2595,1,0.96
2596,0,0.1
2597,0,0.0
2598,1,0.84
2599,0,0.29
2600,0,0.02
2601,0,0.09
2602,0,0.19
2603,0,0.0
2604,0,0.01
2605,0,0.0
2606,0,0.0
2607,0,0.08
2608,0,0.02
2609,0,0.43
2610,0,0.0
2611,0,0.41
2612,0,0.47
2613,0,0.01
2614,0,0.0
2615,0,0.35
2616,0,0.22
2617,1,0.64
2618,0,0.02
2619,0,0.42
2620,0,0.26
2621,1,0.69
2622,0,0.04
2623,1,0.89
2624,0,0.0
2625,0,0.4
2626,0,0.01
2627,0,0.01
2628,0,0.0
2629,0,0.09
2630,0,0.19
2631,0,0.06
2632,0,0.07
2633,0,0.07
2634,0,0.02
2635,0,0.05
2636,0,0.0
2637,0,0.02
2638,0,0.01
2639,0,0.12
2640,0,0.01
2641,0,0.22
2642,0,0.0
2643,0,0.01
2644,0,0.02
2645,0,0.01
2646,0,0.01
2647,0,0.48
2648,0,0.01
2649,0,0.01
2650,0,0.0
2651,0,0.01
2652,0,0.03
2653,0,0.0
2654,0,0.35
2655,0,0.01
2656,0,0.17
2657,0,0.42
2658,0,0.35
2659,0,0.04
2660,0,0.02
2661,1,0.59
2662,0,0.0
2663,0,0.0
2664,1,0.84
2665,0,0.0
2666,1,0.5
2667,0,0.09
2668,1,0.65
2669,0,0.0
2670,1,0.9
2671,0,0.01
2672,0,0.0
2673,0,0.01
2674,0,0.0
2675,0,0.13
2676,0,0.03
2677,1,0.73
2678,1,0.67
2679,0,0.01
2680,0,0.0
2681,0,0.02
2682,0,0.03
2683,0,0.03
2684,0,0.11
2685,0,0.01
2686,1,0.69
2687,0,0.09
2688,0,0.06
2689,0,0.46
2690,0,0.14
2691,0,0.23
2692,0,0.03
2693,0,0.06
2694,0,0.02
2695,0,0.0
2696,0,0.01
2697,0,0.01
2698,0,0.06
2699,0,0.12
2700,0,0.47
2701,0,0.01
2702,1,0.56
2703,0,0.0
2704,0,0.0
2705,0,0.24
2706,0,0.06
2707,0,0.03
2708,0,0.04
2709,1,0.93
2710,1,0.78
2711,0,0.05
2712,0,0.03
2713,1,0.77
2714,0,0.01
2715,0,0.03
2716,0,0.0
2717,0,0.0
2718,1,0.73
2719,0,0.02
2720,0,0.0
2721,0,0.02
2722,1,0.83
2723,0,0.04
2724,1,0.72
2725,0,0.1
2726,0,0.04
2727,0,0.29
2728,0,0.0
2729,0,0.0
2730,1,0.64
2731,0,0.02
2732,1,0.71
2733,0,0.01
2734,0,0.03
2735,0,0.01
2736,0,0.06
2737,0,0.0
2738,0,0.2
2739,0,0.01
2740,0,0.01
2741,0,0.06
2742,0,0.0
2743,0,0.22
2744,0,0.04
2745,0,0.03
2746,0,0.09
2747,0,0.03
2748,1,0.79
2749,0,0.03
2750,0,0.0
2751,0,0.0
2752,1,0.61
2753,1,0.7
2754,0,0.03
2755,0,0.0
2756,0,0.0
2757,0,0.0
2758,1,0.6
2759,0,0.02
2760,0,0.13
2761,0,0.01
2762,0,0.01
2763,0,0.01
2764,0,0.0
2765,0,0.36
2766,0,0.03
2767,0,0.02
2768,0,0.12
2769,0,0.04
2770,0,0.01
2771,0,0.01
2772,0,0.01
2773,0,0.0
2774,0,0.0
2775,0,0.01
2776,0,0.12
2777,0,0.05
2778,0,0.01
2779,0,0.09
2780,0,0.04
2781,0,0.03
2782,0,0.3
2783,0,0.13
2784,0,0.0
2785,0,0.02
2786,0,0.0
2787,0,0.03
2788,0,0.12
2789,1,0.7
2790,0,0.0
2791,0,0.02
2792,0,0.04
2793,1,0.61
2794,0,0.01
2795,0,0.19
2796,0,0.07
2797,1,0.72
2798,0,0.02
2799,0,0.0
2800,0,0.0
2801,0,0.07
2802,0,0.0
2803,0,0.04
2804,0,0.0
2805,0,0.03
2806,0,0.13
2807,0,0.01
2808,0,0.02
2809,0,0.13
2810,0,0.01
2811,0,0.07
2812,0,0.07
2813,1,0.69
2814,0,0.2
2815,0,0.01
2816,0,0.17
2817,0,0.05
2818,0,0.03
2819,0,0.0
2820,0,0.04
2821,0,0.02
2822,0,0.0
2823,0,0.24
2824,0,0.0
2825,0,0.26
2826,1,0.52
2827,0,0.13
2828,0,0.32
2829,0,0.01
2830,1,0.51
2831,0,0.02
2832,1,0.84
2833,0,0.05
2834,0,0.0
2835,0,0.0
2836,0,0.01
2837,0,0.01
2838,0,0.05
2839,0,0.0
2840,1,0.69
2841,0,0.15
2842,0,0.38
2843,0,0.21
2844,0,0.1
2845,0,0.04
2846,0,0.03
2847,0,0.02
2848,0,0.0
2849,0,0.02
2850,0,0.03
2851,0,0.04
2852,0,0.13
2853,0,0.01
2854,0,0.28
2855,0,0.06
2856,0,0.35
2857,1,0.55
2858,0,0.01
2859,0,0.0
2860,0,0.01
2861,0,0.0
2862,0,0.04
2863,0,0.07
2864,0,0.18
2865,0,0.06
2866,0,0.02
2867,0,0.01
2868,0,0.01
2869,0,0.0
2870,0,0.01
2871,0,0.12
2872,1,0.8
2873,0,0.07
2874,0,0.03
2875,1,0.67
2876,0,0.13
2877,0,0.0
2878,0,0.0
2879,0,0.07
2880,0,0.01
2881,0,0.43
2882,0,0.08
2883,0,0.01
2884,0,0.03
2885,0,0.42
2886,0,0.01
2887,0,0.0
2888,0,0.01
2889,0,0.0
2890,1,0.51
2891,0,0.1
2892,0,0.02
2893,0,0.38
2894,0,0.06
2895,0,0.03
2896,0,0.0
2897,0,0.03
2898,0,0.05
2899,0,0.19
2900,0,0.03
2901,1,0.84
2902,0,0.03
2903,0,0.05
2904,0,0.46
2905,0,0.0
2906,0,0.11
2907,0,0.09
2908,1,0.73
2909,0,0.05
2910,1,0.59
2911,0,0.0
2912,1,0.63
2913,0,0.0
2914,1,0.67
2915,0,0.03
2916,0,0.02
2917,0,0.0
2918,0,0.02
2919,1,0.83
2920,0,0.13
2921,0,0.0
2922,0,0.25
2923,0,0.0
2924,0,0.0
2925,0,0.0
2926,0,0.01
2927,0,0.01
2928,0,0.0
2929,0,0.14
2930,0,0.09
2931,0,0.18
2932,0,0.0
2933,1,0.6
2934,0,0.39
2935,0,0.07
2936,0,0.01
2937,0,0.01
2938,0,0.05
2939,0,0.0
2940,0,0.03
2941,0,0.0
2942,0,0.28
2943,1,0.68
2944,0,0.01
2945,0,0.0
2946,0,0.02
2947,0,0.01
2948,0,0.05
2949,0,0.14
2950,0,0.04
2951,0,0.02
2952,0,0.0
2953,0,0.0
2954,0,0.26
2955,0,0.05
2956,1,0.61
2957,0,0.18
2958,0,0.0
2959,0,0.0
2960,0,0.01
2961,0,0.03
2962,1,0.77
2963,0,0.15
2964,0,0.01
2965,1,0.9
2966,0,0.0
2967,0,0.11
2968,0,0.44
2969,0,0.41
2970,0,0.0
2971,0,0.14
2972,0,0.01
2973,0,0.0
2974,0,0.0
2975,0,0.03
2976,0,0.05
2977,0,0.01
2978,0,0.03
2979,0,0.16
2980,0,0.06
2981,0,0.08
2982,0,0.02
2983,0,0.02
2984,0,0.05
2985,0,0.0
2986,0,0.02
2987,0,0.0
2988,0,0.01
2989,0,0.01
2990,0,0.06
2991,0,0.02
2992,0,0.04
2993,0,0.12
2994,1,0.52
2995,0,0.03
2996,0,0.0
2997,0,0.04
2998,0,0.02
2999,0,0.04
3000,0,0.01
3001,0,0.02
3002,0,0.01
3003,0,0.0
3004,0,0.0
3005,0,0.0
3006,0,0.09
3007,0,0.0
3008,0,0.14
3009,0,0.12
3010,0,0.06
3011,1,0.69
3012,0,0.0
3013,0,0.0
3014,0,0.02
3015,0,0.07
3016,0,0.03
3017,0,0.08
3018,0,0.1
3019,0,0.35
3020,0,0.0
3021,0,0.04
3022,0,0.02
3023,0,0.02
3024,0,0.46
3025,0,0.2
3026,0,0.41
3027,0,0.02
3028,0,0.0
3029,0,0.05
3030,1,0.56
3031,0,0.04
3032,0,0.05
3033,1,0.59
3034,0,0.25
3035,0,0.01
3036,0,0.46
3037,1,0.88
3038,0,0.03
3039,0,0.02
3040,1,0.64
3041,0,0.0
3042,0,0.0
3043,0,0.0
3044,1,0.6
3045,0,0.01
3046,0,0.08
3047,1,0.91
3048,0,0.0
3049,0,0.01
3050,0,0.02
3051,0,0.01
3052,0,0.08
3053,0,0.01
3054,0,0.05
3055,0,0.03
3056,0,0.01
3057,0,0.26
3058,0,0.04
3059,0,0.18
3060,0,0.0
3061,0,0.02
3062,0,0.01
3063,0,0.0
3064,0,0.18
3065,0,0.3
3066,0,0.04
3067,0,0.22
3068,0,0.01
3069,0,0.01
3070,1,0.83
3071,0,0.01
3072,0,0.22
3073,0,0.42
3074,0,0.28
3075,0,0.0
3076,0,0.14
3077,0,0.06
3078,0,0.16
3079,0,0.05
3080,0,0.09
3081,0,0.0
3082,0,0.03
3083,0,0.06
3084,0,0.04
3085,0,0.0
3086,0,0.0
3087,0,0.01
3088,0,0.02
3089,0,0.11
3090,0,0.02
3091,0,0.0
3092,0,0.06
3093,0,0.05
3094,0,0.07
3095,0,0.0
3096,0,0.0
3097,0,0.0
3098,0,0.01
3099,0,0.08
3100,0,0.1
3101,0,0.03
3102,0,0.01
3103,1,0.81
3104,0,0.01
3105,0,0.42
3106,1,0.57
3107,0,0.06
3108,0,0.02
3109,0,0.0
3110,0,0.0
3111,0,0.08
3112,0,0.15
3113,0,0.04
3114,0,0.0
3115,0,0.33
3116,0,0.03
3117,0,0.01
3118,0,0.08
3119,1,0.76
3120,0,0.38
3121,1,0.91
3122,0,0.0
3123,0,0.01
3124,0,0.02
3125,0,0.01
3126,0,0.42
3127,0,0.01
3128,0,0.03
3129,0,0.46
3130,1,0.55
3131,0,0.0
3132,0,0.03
3133,0,0.05
3134,0,0.06
3135,0,0.3
3136,0,0.25
3137,0,0.03
3138,0,0.11
3139,1,0.87
3140,0,0.0
3141,0,0.0
3142,0,0.12
3143,0,0.01
3144,0,0.0
3145,0,0.05
3146,0,0.13
3147,1,0.86
3148,0,0.33
3149,0,0.0
3150,0,0.01
3151,0,0.01
3152,0,0.03
3153,0,0.16
3154,0,0.07
3155,0,0.31
3156,0,0.07
3157,0,0.0
3158,0,0.29
3159,0,0.01
3160,1,0.52
3161,0,0.01
3162,0,0.37
3163,0,0.42
3164,0,0.01
3165,0,0.0
3166,0,0.01
3167,0,0.04
3168,0,0.01
3169,0,0.0
3170,0,0.04
3171,0,0.09
3172,0,0.37
3173,0,0.01
3174,0,0.15
3175,0,0.32
3176,0,0.0
3177,0,0.22
3178,0,0.01
3179,0,0.21
3180,0,0.06
3181,1,0.58
3182,0,0.13
3183,1,0.76
3184,0,0.05
3185,0,0.41
3186,0,0.0
3187,0,0.33
3188,1,0.81
3189,0,0.03
3190,0,0.0
3191,0,0.01
3192,1,0.54
3193,1,0.87
3194,0,0.06
3195,0,0.46
3196,0,0.06
3197,0,0.16
3198,0,0.0
3199,0,0.03
3200,0,0.0
3201,1,0.55
3202,0,0.27
3203,0,0.0
3204,0,0.08
3205,0,0.01
3206,0,0.05
3207,0,0.03
3208,0,0.03
3209,0,0.0
3210,0,0.21
3211,0,0.11
3212,0,0.19
3213,0,0.02
3214,0,0.45
3215,0,0.42
3216,0,0.0
3217,0,0.0
3218,0,0.0
3219,0,0.0
3220,0,0.04
3221,0,0.0
3222,0,0.04
3223,0,0.05
3224,0,0.03
3225,0,0.0
3226,0,0.04
3227,0,0.03
3228,0,0.03
3229,0,0.0
3230,0,0.05
3231,1,0.85
3232,0,0.02
3233,0,0.03
3234,0,0.04
3235,0,0.01
3236,0,0.02
3237,0,0.32
3238,0,0.48
3239,0,0.0
3240,0,0.02
3241,0,0.22
3242,0,0.01
3243,0,0.0
3244,0,0.03
3245,0,0.06
3246,0,0.18
3247,0,0.04
3248,0,0.0
3249,0,0.01
3250,0,0.3
3251,0,0.01
3252,0,0.02
3253,0,0.0
3254,0,0.0
3255,0,0.01
3256,0,0.0
3257,1,0.53
3258,0,0.0
3259,0,0.25
3260,0,0.02
3261,0,0.01
3262,0,0.0
3263,0,0.0
3264,0,0.03
3265,0,0.03
3266,0,0.05
3267,0,0.01
3268,0,0.0
3269,0,0.0
3270,0,0.05
3271,1,0.57
3272,0,0.36
3273,1,0.81
3274,0,0.0
3275,0,0.0
3276,1,0.84
3277,0,0.13
3278,0,0.04
3279,0,0.0
3280,0,0.04
3281,0,0.07
3282,1,0.67
3283,0,0.0
3284,0,0.31
3285,0,0.05
3286,0,0.01
3287,0,0.04
3288,0,0.0
3289,0,0.1
3290,0,0.0
3291,1,0.58
3292,0,0.03
3293,0,0.06
3294,1,0.78
3295,0,0.01
3296,0,0.33
3297,0,0.04
3298,0,0.03
3299,0,0.01
3300,0,0.0
3301,1,0.54
3302,0,0.05
3303,0,0.48
3304,0,0.06
3305,0,0.38
3306,0,0.01
3307,0,0.2
3308,0,0.0
3309,0,0.02
3310,0,0.01
3311,0,0.01
3312,0,0.11
3313,0,0.04
3314,0,0.04
3315,0,0.02
3316,0,0.18
3317,0,0.03
3318,0,0.0
3319,0,0.0
3320,0,0.14
3321,0,0.12
3322,0,0.41
3323,0,0.15
3324,0,0.01
3325,0,0.07
3326,0,0.03
3327,0,0.0
3328,0,0.02
3329,1,0.51
3330,0,0.25
3331,0,0.12
3332,0,0.02
3333,0,0.02
3334,0,0.02
3335,0,0.06
3336,0,0.0
3337,0,0.02
3338,0,0.02
3339,0,0.09
3340,0,0.03
3341,0,0.0
3342,1,0.68
3343,0,0.01
3344,0,0.49
3345,0,0.05
3346,0,0.03
3347,0,0.01
3348,0,0.48
3349,0,0.01
3350,0,0.0
3351,0,0.07
3352,0,0.0
3353,0,0.01
3354,0,0.2
3355,0,0.45
3356,0,0.05
3357,0,0.0
3358,0,0.03
3359,0,0.03
3360,0,0.03
3361,0,0.03
3362,0,0.11
3363,0,0.0
3364,0,0.05
3365,1,0.53
3366,0,0.0
3367,0,0.03
3368,0,0.09
3369,0,0.0
3370,0,0.02
3371,0,0.08
3372,0,0.35
3373,0,0.04
3374,0,0.01
3375,0,0.02
3376,0,0.0
3377,0,0.0
3378,0,0.01
3379,0,0.07
3380,0,0.1
3381,0,0.25
3382,0,0.33
3383,1,0.88
3384,0,0.03
3385,0,0.0
3386,0,0.24
3387,0,0.0
3388,0,0.0
3389,0,0.0
3390,0,0.06
3391,0,0.03
3392,0,0.05
3393,0,0.11
3394,0,0.0
3395,0,0.46
3396,0,0.13
3397,0,0.27
3398,0,0.02
3399,0,0.0
3400,0,0.02
3401,1,0.53
3402,0,0.01
3403,1,0.62
3404,0,0.0
3405,0,0.02
3406,0,0.0
3407,0,0.0
3408,0,0.02
3409,0,0.2
3410,0,0.12
3411,0,0.01
3412,0,0.01
3413,0,0.02
3414,0,0.41
3415,1,0.72
3416,1,0.88
3417,0,0.07
3418,0,0.3
3419,0,0.1
3420,0,0.05
3421,0,0.13
3422,0,0.05
3423,1,0.71
3424,0,0.04
3425,0,0.03
3426,0,0.01
3427,0,0.0
3428,0,0.03
3429,0,0.0
3430,0,0.0
3431,0,0.01
3432,0,0.04
3433,0,0.35
3434,0,0.45
3435,0,0.03
3436,0,0.0
3437,0,0.05
3438,0,0.0
3439,0,0.29
3440,1,0.69
3441,0,0.0
3442,1,0.71
3443,0,0.04
3444,0,0.05
3445,0,0.27
3446,0,0.16
3447,0,0.09
3448,0,0.0
3449,0,0.03
3450,0,0.18
3451,0,0.13
3452,0,0.03
3453,0,0.01
3454,0,0.0
3455,0,0.0
3456,0,0.02
3457,0,0.01
3458,0,0.08
3459,0,0.03
3460,0,0.05
3461,0,0.0
3462,0,0.38
3463,0,0.0
3464,0,0.32
3465,0,0.01
3466,0,0.02
3467,0,0.02
3468,0,0.29
3469,0,0.0
3470,1,0.54
3471,0,0.01
3472,0,0.0
3473,1,0.68
3474,0,0.01
3475,0,0.04
3476,0,0.05
3477,0,0.0
3478,0,0.01
3479,0,0.05
3480,0,0.0
3481,1,0.9
3482,0,0.02
3483,0,0.02
3484,0,0.02
3485,0,0.22
3486,0,0.0
3487,1,0.73
3488,0,0.0
3489,0,0.14
3490,0,0.12
3491,0,0.01
3492,0,0.02
3493,0,0.02
3494,0,0.02
3495,0,0.03
3496,0,0.3
3497,0,0.0
3498,0,0.02
3499,0,0.05
3500,0,0.42
3501,0,0.09
3502,0,0.01
3503,0,0.01
3504,0,0.0
3505,0,0.0
3506,0,0.02
3507,1,0.6
3508,0,0.01
3509,1,0.9
3510,0,0.03
3511,0,0.05
3512,0,0.07
3513,0,0.02
3514,0,0.13
3515,0,0.32
3516,0,0.16
3517,0,0.49
3518,0,0.15
3519,0,0.0
3520,0,0.0
3521,0,0.02
3522,1,0.58
3523,0,0.0
3524,0,0.0
3525,1,0.85
3526,1,0.69
3527,0,0.0
3528,0,0.01
3529,0,0.06
3530,0,0.3
3531,0,0.03
3532,0,0.02
3533,0,0.03
3534,0,0.05
3535,0,0.01
3536,0,0.01
3537,0,0.05
3538,1,0.62
3539,0,0.04
3540,0,0.03
3541,0,0.04
3542,0,0.0
3543,0,0.02
3544,0,0.0
3545,0,0.0
3546,1,0.94
3547,0,0.05
3548,0,0.0
3549,0,0.0
3550,1,0.75
3551,0,0.1
3552,0,0.22
3553,0,0.35
3554,0,0.01
3555,0,0.17
3556,0,0.01
3557,0,0.01
3558,0,0.09
3559,0,0.01
3560,1,0.66
3561,0,0.04
3562,0,0.04
3563,0,0.0
3564,0,0.02
3565,0,0.11
3566,0,0.09
3567,0,0.02
3568,0,0.01
3569,0,0.0
3570,0,0.05
3571,1,0.59
3572,1,0.53
3573,0,0.48
3574,0,0.01
3575,0,0.41
3576,0,0.01
3577,0,0.0
3578,0,0.01
3579,0,0.03
3580,0,0.07
3581,0,0.04
3582,0,0.05
3583,1,0.77
3584,0,0.01
3585,0,0.08
3586,0,0.03
3587,0,0.03
3588,0,0.07
3589,0,0.01
3590,1,0.86
3591,0,0.3
3592,0,0.01
3593,0,0.21
3594,0,0.02
3595,0,0.01
3596,0,0.0
3597,1,0.57
3598,0,0.11
3599,0,0.04
3600,0,0.01
3601,1,0.78
3602,0,0.0
3603,0,0.01
3604,0,0.0
3605,0,0.01
3606,0,0.03
3607,0,0.01
3608,0,0.0
3609,0,0.01
3610,0,0.02
3611,1,0.78
3612,0,0.01
3613,0,0.11
3614,0,0.33
3615,0,0.0
3616,0,0.04
3617,0,0.0
3618,0,0.41
3619,0,0.1
3620,0,0.0
3621,1,0.8
3622,0,0.01
3623,0,0.02
3624,0,0.0
3625,0,0.35
3626,0,0.0
3627,0,0.02
3628,0,0.0
3629,0,0.06
3630,0,0.04
3631,1,0.87
3632,0,0.41
3633,0,0.03
3634,0,0.01
3635,0,0.0
3636,0,0.02
3637,0,0.03
3638,0,0.0
3639,1,0.6
3640,0,0.04
3641,0,0.08
3642,1,0.61
3643,0,0.04
3644,0,0.04
3645,0,0.06
3646,0,0.0
3647,1,0.8
3648,0,0.02
3649,0,0.0
3650,0,0.0
3651,0,0.03
3652,0,0.0
3653,0,0.0
3654,0,0.03
3655,0,0.01
3656,0,0.12
3657,0,0.17
3658,0,0.05
3659,0,0.02
3660,0,0.11
3661,0,0.07
3662,0,0.27
3663,0,0.03
3664,0,0.01
3665,1,0.92
3666,0,0.03
3667,0,0.02
3668,0,0.01
3669,0,0.01
3670,0,0.04
3671,0,0.0
3672,0,0.16
3673,0,0.24
3674,0,0.01
3675,0,0.03
3676,0,0.06
3677,0,0.05
3678,0,0.0
3679,0,0.07
3680,0,0.0
3681,0,0.0
3682,0,0.06
3683,0,0.06
3684,0,0.01
3685,0,0.01
3686,0,0.01
3687,0,0.07
3688,0,0.03
3689,0,0.06
3690,0,0.01
3691,0,0.06
3692,0,0.05
3693,0,0.05
3694,0,0.43
3695,0,0.23
3696,0,0.01
3697,1,0.87
3698,1,0.85
3699,0,0.42
3700,0,0.02
3701,0,0.0
3702,0,0.0
3703,0,0.01
3704,0,0.02
3705,0,0.13
3706,0,0.04
3707,1,0.72
3708,0,0.08
3709,0,0.0
3710,0,0.0
3711,0,0.2
3712,0,0.0
3713,0,0.18
3714,0,0.0
3715,0,0.0
3716,0,0.0
3717,0,0.01
3718,0,0.01
3719,0,0.1
3720,0,0.0
3721,0,0.13
3722,0,0.09
3723,0,0.25
